{
  "1": {
    "text": "Give dog a bath",
    "isCompleted": true
  },
  "2": {
    "text": "Do laundry",
    "isCompleted": true
  },
  "3": {
    "text": "Vacuum floor",
    "isCompleted": false
  },
  "4": {
    "text": "Feed cat",
    "isCompleted": true
  },
  "5": {
    "text": "Change light bulbs",
    "isCompleted": false
  },
  "6": {
    "text": "Go to Store",
    "isCompleted": true
  },
  "7": {
    "text": "Fill gas tank",
    "isCompleted": true
  },
  "8": {
    "text": "Change linens",
    "isCompleted": false
  },
  "9": {
    "text": "Rake leaves",
    "isCompleted": true
  },
  "10": {
    "text": "Bake Cookies",
    "isCompleted": false
  },
  "11": {
    "text": "Take nap",
    "isCompleted": true
  },
  "12": {
    "text": "Read book",
    "isCompleted": true
  },
  "13": {
    "text": "Exercise",
    "isCompleted": false
  },
  "14": {
    "text": "Give dog a bath",
    "isCompleted": false
  },
  "15": {
    "text": "Do laundry",
    "isCompleted": false
  },
  "16": {
    "text": "Vacuum floor",
    "isCompleted": false
  },
  "17": {
    "text": "Feed cat",
    "isCompleted": true
  },
  "18": {
    "text": "Change light bulbs",
    "isCompleted": false
  },
  "19": {
    "text": "Go to Store",
    "isCompleted": false
  },
  "20": {
    "text": "Fill gas tank",
    "isCompleted": false
  }
}